{
  "config": {
    "run_name": "exp1_3",
    "out_dir": "./results",
    "seed": 1064848617,
    "device": null,
    "bs_train": 128,
    "bs_test": 32,
    "batches": 100,
    "epochs": 100,
    "early_stopping": 3,
    "checkpoints": 2,
    "lr": 0.001,
    "reg": 0.001,
    "filters_per_layer": [
      64,
      128
    ],
    "pool_every": 3,
    "hidden_dims": [
      70
    ],
    "model_type": "cnn",
    "kw": {},
    "layers_per_block": 3
  },
  "results": {
    "num_epochs": 15,
    "train_loss": [
      2.102225657701492,
      1.9032466340065002,
      1.7943348598480224,
      1.700789325237274,
      1.5899479293823242,
      1.5095263457298278,
      1.448934804201126,
      1.3973865067958833,
      1.3420632529258727,
      1.2889102721214294,
      1.237632418870926,
      1.1856649321317674,
      1.13753946185112,
      1.1042060858011247,
      1.0838498443365097
    ],
    "train_acc": [
      22.4140625,
      30.7109375,
      35.046875,
      38.3359375,
      42.1640625,
      45.5390625,
      48.0078125,
      49.8203125,
      51.828125,
      53.625,
      55.734375,
      57.640625,
      59.5703125,
      60.546875,
      61.375
    ],
    "test_loss": [
      1.9462135553359985,
      1.8564673697948455,
      1.7804730319976807,
      1.6804099440574647,
      1.600923022031784,
      1.5795403504371643,
      1.5296561932563781,
      1.5008128601312638,
      1.4661938226222992,
      1.4460518008470535,
      1.3862967509031296,
      1.3632090038061142,
      1.3636102414131164,
      1.3856994938850402,
      1.3679187828302384
    ],
    "test_acc": [
      30.46875,
      34.71875,
      36.0,
      39.25,
      42.84375,
      44.40625,
      46.09375,
      47.5,
      48.4375,
      50.0625,
      51.71875,
      52.46875,
      53.21875,
      52.6875,
      53.5
    ]
  }
}