{
  "config": {
    "run_name": "exp1_1",
    "out_dir": "./results",
    "seed": 1635713365,
    "device": null,
    "bs_train": 128,
    "bs_test": 32,
    "batches": 100,
    "epochs": 100,
    "early_stopping": 3,
    "checkpoints": 2,
    "lr": 0.001,
    "reg": 0.001,
    "filters_per_layer": [
      64
    ],
    "pool_every": 4,
    "hidden_dims": [
      100
    ],
    "model_type": "cnn",
    "kw": {},
    "layers_per_block": 4
  },
  "results": {
    "num_epochs": 12,
    "train_loss": [
      2.051691712141037,
      1.7235144186019897,
      1.5267847156524659,
      1.4198332512378693,
      1.3333989250659943,
      1.2510091972351074,
      1.176519964337349,
      1.1084526640176773,
      1.0435185831785203,
      0.9852047789096833,
      0.9073288476467133,
      0.8438925164937973
    ],
    "train_acc": [
      24.7890625,
      37.8203125,
      44.734375,
      49.28125,
      52.6796875,
      55.453125,
      58.2734375,
      60.625,
      63.0625,
      65.1796875,
      68.4609375,
      70.6875
    ],
    "test_loss": [
      1.8707655727863313,
      1.5940996778011323,
      1.5192015016078948,
      1.4562133634090424,
      1.4090418207645417,
      1.3702994441986085,
      1.3437142759561538,
      1.3261198633909226,
      1.308103277683258,
      1.3421016132831574,
      1.3364992940425873,
      1.3503212553262711
    ],
    "test_acc": [
      32.25,
      43.1875,
      46.28125,
      48.34375,
      49.53125,
      51.375,
      52.6875,
      53.40625,
      53.875,
      53.375,
      54.15625,
      55.625
    ]
  }
}