{
  "config": {
    "run_name": "exp1_1",
    "out_dir": "./results",
    "seed": 1168769590,
    "device": null,
    "bs_train": 128,
    "bs_test": 32,
    "batches": 100,
    "epochs": 100,
    "early_stopping": 3,
    "checkpoints": 2,
    "lr": 0.001,
    "reg": 0.001,
    "filters_per_layer": [
      32
    ],
    "pool_every": 4,
    "hidden_dims": [
      100
    ],
    "model_type": "cnn",
    "kw": {},
    "layers_per_block": 8
  },
  "results": {
    "num_epochs": 19,
    "train_loss": [
      2.303469491004944,
      2.3027616715431214,
      2.302706627845764,
      2.3026695322990416,
      2.302666037082672,
      2.302644522190094,
      2.302626066207886,
      2.3026136231422423,
      2.3026022505760193,
      2.3025879716873168,
      2.302571461200714,
      2.302562749385834,
      2.302544219493866,
      2.3025390243530275,
      2.3025221729278567,
      2.302514932155609,
      2.302499163150787,
      2.3024915719032286,
      2.3024751138687134
    ],
    "train_acc": [
      9.9921875,
      10.28125,
      10.2109375,
      10.2109375,
      10.2109375,
      10.2109375,
      10.2109375,
      10.25,
      10.1953125,
      10.109375,
      10.109375,
      10.109375,
      10.0859375,
      10.0,
      10.0859375,
      10.015625,
      10.0,
      10.015625,
      10.015625
    ],
    "test_loss": [
      2.3025831723213197,
      2.3025850081443786,
      2.302547428607941,
      2.3025609850883484,
      2.3025517106056212,
      2.3025427985191347,
      2.302542219161987,
      2.3025585174560548,
      2.3025355100631715,
      2.302526957988739,
      2.3025206303596497,
      2.302518036365509,
      2.302514910697937,
      2.3025066328048704,
      2.3025035524368285,
      2.302501780986786,
      2.302502996921539,
      2.302503757476807,
      2.302503056526184
    ],
    "test_acc": [
      10.125,
      10.125,
      10.125,
      10.125,
      10.125,
      10.125,
      10.125,
      10.125,
      10.125,
      10.125,
      10.125,
      10.125,
      10.125,
      10.125,
      10.125,
      10.125,
      10.125,
      10.125,
      10.125
    ]
  }
}