{
  "config": {
    "run_name": "exp1_3",
    "out_dir": "./results",
    "seed": 418345036,
    "device": null,
    "bs_train": 128,
    "bs_test": 32,
    "batches": 100,
    "epochs": 100,
    "early_stopping": 3,
    "checkpoints": 2,
    "lr": 0.001,
    "reg": 0.001,
    "filters_per_layer": [
      64,
      128
    ],
    "pool_every": 3,
    "hidden_dims": [
      70
    ],
    "model_type": "cnn",
    "kw": {},
    "layers_per_block": 4
  },
  "results": {
    "num_epochs": 19,
    "train_loss": [
      2.303463099002838,
      2.3029591131210325,
      2.3028530526161193,
      2.3028339099884034,
      2.3027840852737427,
      2.3027516412734985,
      2.3027127504348757,
      2.3026922941207886,
      2.3026661181449892,
      2.3026496958732605,
      2.302628827095032,
      2.3026142930984497,
      2.302598006725311,
      2.302586541175842,
      2.3025660419464113,
      2.3025558376312256,
      2.30254846572876,
      2.3025455355644224,
      2.3025386142730713
    ],
    "train_acc": [
      9.7734375,
      9.953125,
      9.9140625,
      9.96875,
      9.9765625,
      9.9375,
      10.1015625,
      10.0859375,
      10.2890625,
      10.2734375,
      10.234375,
      10.203125,
      10.1875,
      10.2890625,
      10.265625,
      10.3515625,
      10.3515625,
      10.3515625,
      10.3515625
    ],
    "test_loss": [
      2.3029121112823487,
      2.302726540565491,
      2.3026130962371827,
      2.30264773607254,
      2.302591347694397,
      2.3025861120224,
      2.302563278675079,
      2.3025549483299255,
      2.302544312477112,
      2.302539985179901,
      2.30253613948822,
      2.3025372719764707,
      2.3025341868400573,
      2.302535364627838,
      2.302534072399139,
      2.3025339341163633,
      2.3025343680381773,
      2.3025382208824157,
      2.3025382447242735
    ],
    "test_acc": [
      10.125,
      10.125,
      10.125,
      10.125,
      10.125,
      10.125,
      10.125,
      10.125,
      10.125,
      10.125,
      10.125,
      10.125,
      10.125,
      10.125,
      10.125,
      10.125,
      10.125,
      10.125,
      10.125
    ]
  }
}