{
  "config": {
    "run_name": "exp1_2",
    "out_dir": "./results",
    "seed": 1354150776,
    "device": null,
    "bs_train": 128,
    "bs_test": 32,
    "batches": 100,
    "epochs": 100,
    "early_stopping": 3,
    "checkpoints": 2,
    "lr": 0.001,
    "reg": 0.001,
    "filters_per_layer": [
      64
    ],
    "pool_every": 3,
    "hidden_dims": [
      100
    ],
    "model_type": "cnn",
    "kw": {},
    "layers_per_block": 8
  },
  "results": {
    "num_epochs": 4,
    "train_loss": [
      2.3037347555160523,
      2.302760512828827,
      2.302689929008484,
      2.302683038711548
    ],
    "train_acc": [
      10.1640625,
      10.1015625,
      9.78125,
      10.0234375
    ],
    "test_loss": [
      2.3025232434272764,
      2.302572634220123,
      2.3026323032379152,
      2.302649495601654
    ],
    "test_acc": [
      10.46875,
      10.125,
      10.125,
      10.125
    ]
  }
}