{
  "config": {
    "run_name": "exp1_1",
    "out_dir": "./results",
    "seed": 451532606,
    "device": null,
    "bs_train": 128,
    "bs_test": 32,
    "batches": 100,
    "epochs": 100,
    "early_stopping": 3,
    "checkpoints": 2,
    "lr": 0.001,
    "reg": 0.001,
    "filters_per_layer": [
      32
    ],
    "pool_every": 4,
    "hidden_dims": [
      100
    ],
    "model_type": "cnn",
    "kw": {},
    "layers_per_block": 2
  },
  "results": {
    "num_epochs": 14,
    "train_loss": [
      1.9150263237953187,
      1.6329179859161378,
      1.5130814957618712,
      1.4250672364234924,
      1.3533674418926238,
      1.2905550074577332,
      1.2335607194900513,
      1.1816113209724426,
      1.132911089658737,
      1.0859741234779359,
      1.0410073363780976,
      0.9966404736042023,
      0.9523636823892594,
      0.9077389192581177
    ],
    "train_acc": [
      32.015625,
      42.3125,
      46.6328125,
      49.5859375,
      52.2109375,
      54.546875,
      56.7734375,
      58.71875,
      60.8125,
      62.75,
      64.328125,
      66.1328125,
      67.8203125,
      69.6640625
    ],
    "test_loss": [
      1.7149069702625275,
      1.587681256532669,
      1.5012610638141632,
      1.4463208258152007,
      1.4078595876693725,
      1.3802491748332977,
      1.3591178148984908,
      1.3430470108985901,
      1.3315540605783462,
      1.3242578631639481,
      1.3205114781856537,
      1.3228592485189439,
      1.3278669601678847,
      1.3371854728460313
    ],
    "test_acc": [
      39.71875,
      43.5,
      46.6875,
      48.71875,
      50.1875,
      50.78125,
      51.15625,
      51.59375,
      52.53125,
      52.15625,
      52.6875,
      53.0,
      53.21875,
      53.1875
    ]
  }
}