{
  "config": {
    "run_name": "exp1_2",
    "out_dir": "./results",
    "seed": 1213551104,
    "device": null,
    "bs_train": 128,
    "bs_test": 32,
    "batches": 100,
    "epochs": 100,
    "early_stopping": 3,
    "checkpoints": 2,
    "lr": 0.001,
    "reg": 0.001,
    "filters_per_layer": [
      32
    ],
    "pool_every": 3,
    "hidden_dims": [
      100
    ],
    "model_type": "cnn",
    "kw": {},
    "layers_per_block": 4
  },
  "results": {
    "num_epochs": 20,
    "train_loss": [
      2.0884166491031646,
      1.8011595034599304,
      1.6494541478157043,
      1.5691155982017517,
      1.5125264275074004,
      1.462391859292984,
      1.4182733523845672,
      1.374554854631424,
      1.3346087098121644,
      1.2978168737888336,
      1.265066796541214,
      1.2342574000358582,
      1.2045073026418687,
      1.1705859076976777,
      1.137734119296074,
      1.106779625415802,
      1.0743836981058121,
      1.0398791670799254,
      1.005650036931038,
      0.9759279674291611
    ],
    "train_acc": [
      23.859375,
      36.03125,
      40.65625,
      43.3515625,
      45.7578125,
      47.7421875,
      49.1953125,
      50.375,
      51.8203125,
      53.296875,
      54.6484375,
      55.8203125,
      56.984375,
      58.0859375,
      59.3515625,
      60.6875,
      61.84375,
      63.109375,
      64.34375,
      65.5859375
    ],
    "test_loss": [
      1.9276479303836822,
      1.7098075771331787,
      1.6186132788658143,
      1.561612594127655,
      1.5199628067016602,
      1.4791029292345046,
      1.4490762066841125,
      1.4132851272821427,
      1.385604229569435,
      1.3667962044477462,
      1.3508069390058517,
      1.3365931332111358,
      1.3249341642856598,
      1.3150457072257995,
      1.3123303562402726,
      1.3082607716321946,
      1.3023817050457,
      1.303922266960144,
      1.3058421796560287,
      1.308325538635254
    ],
    "test_acc": [
      30.40625,
      39.875,
      42.875,
      44.1875,
      45.3125,
      47.15625,
      47.8125,
      48.84375,
      49.78125,
      50.5,
      50.90625,
      51.4375,
      51.9375,
      52.125,
      52.65625,
      53.125,
      53.5625,
      53.46875,
      53.75,
      54.0
    ]
  }
}