{
  "config": {
    "run_name": "exp1_2",
    "out_dir": "./results",
    "seed": 2031335098,
    "device": null,
    "bs_train": 128,
    "bs_test": 32,
    "batches": 100,
    "epochs": 100,
    "early_stopping": 3,
    "checkpoints": 2,
    "lr": 0.001,
    "reg": 0.001,
    "filters_per_layer": [
      128
    ],
    "pool_every": 3,
    "hidden_dims": [
      100
    ],
    "model_type": "cnn",
    "kw": {},
    "layers_per_block": 4
  },
  "results": {
    "num_epochs": 10,
    "train_loss": [
      1.9888067901134492,
      1.623639681339264,
      1.4788275277614593,
      1.3767886197566985,
      1.2829289281368255,
      1.1833952260017395,
      1.0822625660896301,
      0.9830706954002381,
      0.8839440339803696,
      0.8096227300167084
    ],
    "train_acc": [
      27.3671875,
      41.625,
      46.6171875,
      50.5390625,
      54.1484375,
      57.953125,
      61.921875,
      65.4609375,
      69.078125,
      71.7890625
    ],
    "test_loss": [
      1.7102360260486602,
      1.5376878046989442,
      1.5098757982254027,
      1.4576221430301666,
      1.3803143221139909,
      1.3361760288476945,
      1.3288654154539108,
      1.3365196806192399,
      1.375399551987648,
      1.5144735461473464
    ],
    "test_acc": [
      40.0,
      44.9375,
      46.84375,
      48.21875,
      51.6875,
      52.75,
      52.4375,
      53.5625,
      53.96875,
      52.75
    ]
  }
}