{
  "config": {
    "run_name": "exp1_2",
    "out_dir": "./results",
    "seed": 1187574246,
    "device": null,
    "bs_train": 128,
    "bs_test": 32,
    "batches": 100,
    "epochs": 100,
    "early_stopping": 3,
    "checkpoints": 2,
    "lr": 0.001,
    "reg": 0.001,
    "filters_per_layer": [
      64
    ],
    "pool_every": 3,
    "hidden_dims": [
      100
    ],
    "model_type": "cnn",
    "kw": {},
    "layers_per_block": 2
  },
  "results": {
    "num_epochs": 14,
    "train_loss": [
      2.1293772864341736,
      1.6976830518245698,
      1.5452054047584534,
      1.4447014915943146,
      1.3648300540447236,
      1.2959501779079436,
      1.2341130304336547,
      1.1787527352571487,
      1.1278143376111984,
      1.0802486246824266,
      1.0374185091257095,
      0.9964871054887772,
      0.9498746490478516,
      0.8978056204319
    ],
    "train_acc": [
      23.4765625,
      39.5,
      45.0078125,
      48.4140625,
      51.546875,
      54.15625,
      56.4921875,
      58.5546875,
      60.4765625,
      62.46875,
      64.0390625,
      65.6015625,
      67.21875,
      69.0
    ],
    "test_loss": [
      1.8076421558856963,
      1.6176869678497314,
      1.5220613074302674,
      1.4617691028118134,
      1.4119996774196624,
      1.3726082706451417,
      1.3419966274499893,
      1.320076988339424,
      1.3063045036792755,
      1.3000856035947799,
      1.2943444049358368,
      1.3170474684238433,
      1.3422765964269638,
      1.335360009074211
    ],
    "test_acc": [
      35.40625,
      42.125,
      45.28125,
      47.09375,
      48.40625,
      49.9375,
      51.71875,
      52.25,
      52.75,
      53.09375,
      53.71875,
      54.25,
      54.0,
      54.5625
    ]
  }
}