{
  "config": {
    "run_name": "exp1_4",
    "out_dir": "./results",
    "seed": 2094602220,
    "device": null,
    "bs_train": 128,
    "bs_test": 32,
    "batches": 100,
    "epochs": 100,
    "early_stopping": 3,
    "checkpoints": 2,
    "lr": 0.001,
    "reg": 0.001,
    "filters_per_layer": [
      64,
      128,
      256
    ],
    "pool_every": 8,
    "hidden_dims": [
      50
    ],
    "model_type": "cnn",
    "kw": {},
    "layers_per_block": 2
  },
  "results": {
    "num_epochs": 12,
    "train_loss": [
      2.1703316152095793,
      1.9019125974178315,
      1.7550731313228607,
      1.6358425104618073,
      1.5053758692741395,
      1.3848517155647277,
      1.3030502414703369,
      1.2164699167013169,
      1.1311348056793213,
      1.0557800769805907,
      1.0077498579025268,
      0.9875941568613053
    ],
    "train_acc": [
      19.7265625,
      32.359375,
      37.515625,
      41.84375,
      45.8671875,
      50.0625,
      52.8125,
      56.6328125,
      60.0625,
      62.78125,
      64.765625,
      65.328125
    ],
    "test_loss": [
      1.9973197126388549,
      1.8324197208881379,
      1.6877749598026275,
      1.5841930556297301,
      1.500701140165329,
      1.4270771646499634,
      1.3801909124851226,
      1.341694536805153,
      1.333151217699051,
      1.3614000803232194,
      1.3909420853853225,
      1.5372027909755708
    ],
    "test_acc": [
      28.40625,
      36.0625,
      40.25,
      43.25,
      46.3125,
      48.96875,
      50.0625,
      51.25,
      52.25,
      52.03125,
      51.21875,
      50.1875
    ]
  }
}