{
  "config": {
    "run_name": "exp1_4",
    "out_dir": "./results",
    "seed": 1676032220,
    "device": null,
    "bs_train": 128,
    "bs_test": 32,
    "batches": 100,
    "epochs": 100,
    "early_stopping": 3,
    "checkpoints": 2,
    "lr": 0.001,
    "reg": 0.001,
    "filters_per_layer": [
      32
    ],
    "pool_every": 8,
    "hidden_dims": [
      50
    ],
    "model_type": "cnn",
    "kw": {},
    "layers_per_block": 32
  },
  "results": {
    "num_epochs": 94,
    "train_loss": [
      2.3051951265335084,
      2.3029208850860594,
      2.302674331665039,
      2.3025976634025573,
      2.3025683546066285,
      2.302556719779968,
      2.3025440621376037,
      2.3025408744812013,
      2.302529876232147,
      2.30252112865448,
      2.3025175952911376,
      2.302509136199951,
      2.3025057530403137,
      2.3024988102912904,
      2.3024937915802,
      2.3024867224693297,
      2.30248076915741,
      2.3024759459495545,
      2.3024714040756225,
      2.3024665451049806,
      2.302462594509125,
      2.302458689212799,
      2.3024545216560366,
      2.302451071739197,
      2.3024475526809693,
      2.3024443340301515,
      2.3024412989616394,
      2.302438440322876,
      2.302435657978058,
      2.30243305683136,
      2.30243052482605,
      2.302428205013275,
      2.302426002025604,
      2.302424104213715,
      2.3024220418930055,
      2.302420177459717,
      2.302418224811554,
      2.3024164390563966,
      2.3024146032333372,
      2.3024128246307374,
      2.3024110651016234,
      2.3024093818664553,
      2.302407684326172,
      2.3024059295654298,
      2.3024043917655943,
      2.302402832508087,
      2.302401399612427,
      2.3024000334739685,
      2.3023984241485596,
      2.3023971486091614,
      2.302395906448364,
      2.302394678592682,
      2.302393500804901,
      2.302392406463623,
      2.302391300201416,
      2.302390260696411,
      2.3023892188072206,
      2.3023881340026855,
      2.302387218475342,
      2.302386267185211,
      2.3023853707313537,
      2.3023844289779665,
      2.3023836493492125,
      2.302382831573486,
      2.3023820114135742,
      2.302381224632263,
      2.3023804569244386,
      2.3023797416687013,
      2.302379014492035,
      2.3023783230781554,
      2.3023777174949647,
      2.302377107143402,
      2.3023765301704406,
      2.30237596988678,
      2.3023754143714905,
      2.3023748803138733,
      2.302374312877655,
      2.3023738074302673,
      2.30237327337265,
      2.3023727178573608,
      2.302372250556946,
      2.3023716378211976,
      2.3023711013793946,
      2.302370593547821,
      2.302370071411133,
      2.302369546890259,
      2.302369034290314,
      2.3023684644699096,
      2.302367901802063,
      2.30236736536026,
      2.3023668217658995,
      2.302366304397583,
      2.302365779876709,
      2.302365336418152
    ],
    "train_acc": [
      9.6328125,
      10.15625,
      10.15625,
      10.0546875,
      10.0703125,
      10.1953125,
      10.3515625,
      10.3515625,
      10.3515625,
      10.3515625,
      10.3515625,
      10.3515625,
      10.3515625,
      10.3515625,
      10.3515625,
      10.3515625,
      10.3515625,
      10.3515625,
      10.3515625,
      10.3515625,
      10.3515625,
      10.3515625,
      10.3515625,
      10.3515625,
      10.3515625,
      10.3515625,
      10.3515625,
      10.3515625,
      10.3515625,
      10.3515625,
      10.3515625,
      10.3515625,
      10.3515625,
      10.3515625,
      10.3515625,
      10.3515625,
      10.3515625,
      10.3515625,
      10.3515625,
      10.3515625,
      10.3515625,
      10.3515625,
      10.3515625,
      10.3515625,
      10.3515625,
      10.3515625,
      10.3515625,
      10.3515625,
      10.3515625,
      10.3515625,
      10.3515625,
      10.3515625,
      10.3515625,
      10.3515625,
      10.3515625,
      10.3515625,
      10.3515625,
      10.3515625,
      10.3515625,
      10.3515625,
      10.3515625,
      10.3515625,
      10.3515625,
      10.3515625,
      10.3515625,
      10.3515625,
      10.3515625,
      10.3515625,
      10.3515625,
      10.3515625,
      10.3515625,
      10.3515625,
      10.3515625,
      10.3515625,
      10.3515625,
      10.3515625,
      10.3515625,
      10.3515625,
      10.3515625,
      10.3515625,
      10.3515625,
      10.3515625,
      10.3515625,
      10.3515625,
      10.3515625,
      10.3515625,
      10.3515625,
      10.3515625,
      10.3515625,
      10.3515625,
      10.3515625,
      10.3515625,
      10.3515625,
      10.3515625
    ],
    "test_loss": [
      2.3029447054862975,
      2.3026452088356018,
      2.302582960128784,
      2.3025660705566406,
      2.3025586462020873,
      2.30255512714386,
      2.3025519323348997,
      2.3025494694709776,
      2.3025503396987914,
      2.302547583580017,
      2.3025456714630126,
      2.302539758682251,
      2.302537491321564,
      2.302535490989685,
      2.3025352907180787,
      2.302531027793884,
      2.3025294303894044,
      2.302525780200958,
      2.3025243973731992,
      2.3025231194496154,
      2.302521171569824,
      2.3025197696685793,
      2.302518172264099,
      2.3025171160697937,
      2.302515709400177,
      2.302514669895172,
      2.3025133776664735,
      2.3025124168395994,
      2.3025114846229555,
      2.302510280609131,
      2.3025095868110657,
      2.30250857591629,
      2.3025079488754274,
      2.3025070810317994,
      2.302506265640259,
      2.302505738735199,
      2.3025050139427186,
      2.302504072189331,
      2.302503800392151,
      2.3025026631355288,
      2.30250253200531,
      2.302501633167267,
      2.30250097990036,
      2.302500517368317,
      2.3025001072883606,
      2.302499582767487,
      2.3024992895126344,
      2.3024985361099244,
      2.3024981212615967,
      2.3024980282783507,
      2.302497296333313,
      2.302497453689575,
      2.302497045993805,
      2.302496976852417,
      2.3024967956542968,
      2.302496621608734,
      2.3024961948394775,
      2.3024961304664613,
      2.302496163845062,
      2.3024961376190185,
      2.3024958682060244,
      2.3024957275390623,
      2.3024958777427673,
      2.302495446205139,
      2.3024955010414123,
      2.3024952483177183,
      2.3024951791763306,
      2.302494707107544,
      2.3024950289726256,
      2.3024944829940797,
      2.3024945974349977,
      2.3024944949150083,
      2.3024942469596863,
      2.302493953704834,
      2.3024940347671508,
      2.302493920326233,
      2.302493300437927,
      2.3024935960769652,
      2.3024929475784304,
      2.302493145465851,
      2.3024930024147032,
      2.302492828369141,
      2.30249253988266,
      2.302492575645447,
      2.3024927496910097,
      2.302492415904999,
      2.3024922680854796,
      2.3024920439720153,
      2.3024921941757204,
      2.3024918365478517,
      2.3024915218353272,
      2.3024920225143433,
      2.302491755485535,
      2.3024918818473816
    ],