{
  "config": {
    "run_name": "exp1_2",
    "out_dir": "./results",
    "seed": 2087812475,
    "device": null,
    "bs_train": 128,
    "bs_test": 32,
    "batches": 100,
    "epochs": 100,
    "early_stopping": 3,
    "checkpoints": 2,
    "lr": 0.001,
    "reg": 0.001,
    "filters_per_layer": [
      128
    ],
    "pool_every": 3,
    "hidden_dims": [
      100
    ],
    "model_type": "cnn",
    "kw": {},
    "layers_per_block": 8
  },
  "results": {
    "num_epochs": 100,
    "train_loss": [
      2.304091794490814,
      2.302971754074097,
      2.3027196431159975,
      2.3026719188690183,
      2.30265513420105,
      2.302663686275482,
      2.302627055644989,
      2.30263489484787,
      2.302590205669403,
      2.302577590942383,
      2.302580466270447,
      2.3025687551498413,
      2.302549285888672,
      2.3025404715538027,
      2.302532637119293,
      2.302525658607483,
      2.302521708011627,
      2.302517249584198,
      2.30250764131546,
      2.3025195145606996,
      2.3024959349632264,
      2.3024917888641356,
      2.3024879598617556,
      2.302482211589813,
      2.3024760270118714,
      2.3024765753746035,
      2.3024680161476136,
      2.3024640607833864,
      2.3024593710899355,
      2.3024548172950743,
      2.302450571060181,
      2.3024467611312867,
      2.3024431228637696,
      2.3024397230148317,
      2.302436661720276,
      2.302433829307556,
      2.302430579662323,
      2.3024279117584228,
      2.302425343990326,
      2.3024226093292235,
      2.3024202942848206,
      2.3024176740646363,
      2.302415328025818,
      2.3024131774902346,
      2.302410855293274,
      2.302408719062805,
      2.3024061632156374,
      2.3024038076400757,
      2.3024009704589843,
      2.302398216724396,
      2.3023957300186155,
      2.302393012046814,
      2.3023907017707823,
      2.3023887991905214,
      2.3023868012428284,
      2.302384955883026,
      2.302383029460907,
      2.302381145954132,
      2.302379217147827,
      2.3023770570755007,
      2.302374849319458,
      2.302372794151306,
      2.3023711442947388,
      2.3023692917823793,
      2.3023678040504456,
      2.302366509437561,
      2.302365446090698,
      2.302364308834076,
      2.302363307476044,
      2.3023622250556945,
      2.302361242771149,
      2.3023600482940676,
      2.3023589181900026,
      2.3023580265045167,
      2.302356791496277,
      2.3023560881614684,
      2.302355258464813,
      2.302354815006256,
      2.3023542070388796,
      2.3023536682128904,
      2.3023532915115354,
      2.302353103160858,
      2.3023525857925415,
      2.302352178096771,
      2.3023518180847167,
      2.3023513841629026,
      2.302350959777832,
      2.3023506450653075,
      2.3023502898216246,
      2.3023497653007508,
      2.302349352836609,
      2.3023488569259642,
      2.302348439693451,
      2.3023480677604677,
      2.3023475551605226,
      2.302347047328949,
      2.302346613407135,
      2.302346155643463,
      2.3023457622528074,
      2.3023452806472777
    ],
    "train_acc": [
      9.8671875,
      10.109375,
      10.1796875,
      10.3046875,
      10.1875,
      10.2578125,
      10.1484375,
      10.15625,
      10.078125,
      10.046875,
      10.046875,
      10.1796875,
      10.15625,
      9.9765625,
      10.015625,
      9.96875,
      9.96875,
      10.0234375,
      10.1171875,
      9.984375,
      10.1171875,
      10.1171875,
      10.1171875,
      10.125,
      10.1171875,
      10.1171875,
      10.1171875,
      10.078125,
      10.078125,
      10.125,
      10.125,
      10.1328125,
      10.1328125,
      10.171875,
      10.1875,
      10.1953125,
      10.21875,
      10.21875,
      10.203125,
      10.328125,
      10.3515625,
      10.3515625,
      10.3515625,
      10.3515625,
      10.3515625,
      10.3515625,
      10.3515625,
      10.3515625,
      10.3515625,
      10.3515625,
      10.3515625,
      10.3515625,
      10.3515625,
      10.3515625,
      10.3515625,
      10.3515625,
      10.3515625,
      10.3515625,
      10.3515625,
      10.3515625,
      10.3515625,
      10.3515625,
      10.3515625,
      10.3515625,
      10.3515625,
      10.3515625,
      10.3515625,
      10.3515625,
      10.3515625,
      10.3515625,
      10.3515625,
      10.3515625,
      10.3515625,
      10.3515625,
      10.3515625,
      10.3515625,
      10.3515625,
      10.3515625,
      10.3515625,
      10.3515625,
      10.3515625,
      10.3515625,
      10.3515625,
      10.3515625,
      10.3515625,
      10.3515625,
      10.3515625,
      10.3515625,
      10.3515625,
      10.3515625,
      10.3515625,
      10.3515625,
      10.3515625,
      10.3515625,
      10.3515625,
      10.3515625,
      10.3515625,
      10.3515625,
      10.3515625,
      10.3515625
    ],
    "test_loss": [
      2.3033604431152344,
      2.3029350900650023,
      2.302880439758301,
      2.3028256487846375,
      2.302828767299652,
      2.3027878999710083,
      2.302768747806549,
      2.3027789402008056,
      2.3027460885047915,
      2.302725555896759,
      2.3027116656303406,
      2.3027138614654543,
      2.302707676887512,
      2.3026975631713866,
      2.302686564922333,
      2.302678470611572,
      2.302667193412781,
      2.3026676297187807,
      2.302668259143829,
      2.302650046348572,
      2.302644567489624,
      2.302639944553375,
      2.302634689807892,
      2.302630741596222,
      2.302630956172943,
      2.302621891498566,
      2.3026187562942506,
      2.302611281871796,
      2.302607617378235,
      2.3026023411750796,
      2.30259765625,
      2.3025936698913574,
      2.3025899934768677,
      2.302586636543274,
      2.3025836873054506,
      2.3025806045532224,
      2.302577247619629,
      2.3025744581222534,
      2.302571861743927,
      2.302568960189819,
      2.3025670170784,
      2.3025645327568056,
      2.3025621795654296,
      2.3025599098205567,
      2.3025579857826233,
      2.302555487155914,
      2.302553825378418,
      2.302551326751709,
      2.3025488018989564,
      2.3025464463233947,
      2.3025446248054506,
      2.302542154788971,
      2.3025409317016603,
      2.302538628578186,
      2.3025363945960997,
      2.3025346612930297,
      2.3025333642959596,
      2.3025316119194033,
      2.30253000497818,
      2.3025283575057984,
      2.3025267839431764,
      2.3025255823135375,
      2.302523910999298,
      2.302522838115692,
      2.302521412372589,
      2.302520446777344,
      2.3025194692611692,
      2.3025186252593994,
      2.3025173330307007,
      2.3025170183181762,
      2.3025161623954773,
      2.3025151252746583,
      2.3025145506858826,
      2.30251384973526,
      2.3025132274627684,
      2.302512722015381,
      2.302512125968933,
      2.302511403560638,
      2.3025110459327696,
      2.3025105953216554,
      2.3025100660324096,
      2.3025097584724428,
      2.302509641647339,
      2.3025094175338747,
      2.302508819103241,
      2.302508270740509,
      2.3025082206726073,
      2.302508170604706,
      2.302508056163788,
      2.3025073504447935,
      2.302507255077362,
      2.3025072908401487,
      2.3025065302848815,
      2.302506756782532,
      2.3025062608718874,
      2.302506077289581,
      2.3025062799453737,
      2.3025061297416687,
      2.302505898475647,
      2.3025058054924012
    ],