{
  "config": {
    "run_name": "exp1_2",
    "out_dir": "./results",
    "seed": 873984525,
    "device": null,
    "bs_train": 128,
    "bs_test": 32,
    "batches": 100,
    "epochs": 100,
    "early_stopping": 3,
    "checkpoints": 2,
    "lr": 0.001,
    "reg": 0.001,
    "filters_per_layer": [
      128
    ],
    "pool_every": 3,
    "hidden_dims": [
      100
    ],
    "model_type": "cnn",
    "kw": {},
    "layers_per_block": 2
  },
  "results": {
    "num_epochs": 13,
    "train_loss": [
      2.067335660457611,
      1.6042319333553314,
      1.4647022628784179,
      1.3765534698963164,
      1.3087124478816987,
      1.2479536998271943,
      1.189193394780159,
      1.1312137180566788,
      1.0762541586160659,
      1.0257177513837814,
      0.9789385020732879,
      0.9308689939975738,
      0.8750534409284592
    ],
    "train_acc": [
      28.8984375,
      42.828125,
      48.0078125,
      51.0703125,
      53.9375,
      56.1171875,
      58.4375,
      60.65625,
      62.8359375,
      64.4921875,
      66.2265625,
      68.2421875,
      70.453125
    ],
    "test_loss": [
      1.7364580857753753,
      1.579180473089218,
      1.4777581083774567,
      1.425444346666336,
      1.3921747422218322,
      1.3746529710292816,
      1.3504559701681138,
      1.3319041568040848,
      1.3276836633682252,
      1.3215559715032577,
      1.3316305047273636,
      1.3780704301595688,
      1.4009205001592635
    ],
    "test_acc": [
      38.96875,
      44.15625,
      47.40625,
      49.0625,
      49.75,
      50.53125,
      51.4375,
      52.375,
      52.65625,
      52.65625,
      53.09375,
      52.0,
      52.0625
    ]
  }
}