{
  "config": {
    "run_name": "exp1_2",
    "out_dir": "./results",
    "seed": 1211665233,
    "device": null,
    "bs_train": 128,
    "bs_test": 32,
    "batches": 100,
    "epochs": 100,
    "early_stopping": 3,
    "checkpoints": 2,
    "lr": 0.001,
    "reg": 0.001,
    "filters_per_layer": [
      32
    ],
    "pool_every": 3,
    "hidden_dims": [
      100
    ],
    "model_type": "cnn",
    "kw": {},
    "layers_per_block": 2
  },
  "results": {
    "num_epochs": 17,
    "train_loss": [
      2.0713313364982606,
      1.7608933293819427,
      1.6221381437778473,
      1.521244057416916,
      1.440166699886322,
      1.37493355512619,
      1.3224404513835908,
      1.2739116847515106,
      1.2283999383449555,
      1.1853349685668946,
      1.1442956608533859,
      1.103930305838585,
      1.0637644183635713,
      1.0247541022300721,
      0.9886944478750229,
      0.9559916633367539,
      0.9174142318964005
    ],
    "train_acc": [
      25.5,
      38.0859375,
      42.9140625,
      46.390625,
      48.984375,
      51.0625,
      53.28125,
      55.328125,
      56.9296875,
      58.6640625,
      60.0078125,
      61.453125,
      63.2265625,
      64.546875,
      66.28125,
      67.671875,
      68.9609375
    ],
    "test_loss": [
      1.8567691266536712,
      1.7003658318519592,
      1.612584525346756,
      1.5319543206691741,
      1.4723604273796083,
      1.4305673348903656,
      1.3942816209793092,
      1.3761026883125305,
      1.3647933954000473,
      1.3555186808109283,
      1.3477512520551682,
      1.3371765345335007,
      1.3257277810573578,
      1.3185247355699539,
      1.3201548230648041,
      1.325743271112442,
      1.3360715019702911
    ],
    "test_acc": [
      35.0,
      40.5625,
      43.53125,
      45.6875,
      46.9375,
      48.34375,
      49.65625,
      50.21875,
      51.0625,
      51.09375,
      51.375,
      51.96875,
      52.65625,
      52.5625,
      52.875,
      52.75,
      52.90625
    ]
  }
}