{
  "config": {
    "run_name": "exp1_2",
    "out_dir": "./results",
    "seed": 854779988,
    "device": null,
    "bs_train": 128,
    "bs_test": 32,
    "batches": 100,
    "epochs": 100,
    "early_stopping": 3,
    "checkpoints": 2,
    "lr": 0.001,
    "reg": 0.001,
    "filters_per_layer": [
      64
    ],
    "pool_every": 3,
    "hidden_dims": [
      100
    ],
    "model_type": "cnn",
    "kw": {},
    "layers_per_block": 4
  },
  "results": {
    "num_epochs": 11,
    "train_loss": [
      1.9899668431282043,
      1.653015239238739,
      1.5079909765720367,
      1.4096990323066712,
      1.329938349723816,
      1.2605755782127381,
      1.1781999957561493,
      1.102337429523468,
      1.0267470568418502,
      0.9476820409297944,
      0.8649503397941589
    ],
    "train_acc": [
      27.3359375,
      40.4140625,
      45.625,
      49.640625,
      52.6875,
      55.0390625,
      58.03125,
      61.1171875,
      63.75,
      66.8203125,
      70.109375
    ],
    "test_loss": [
      1.7640521717071533,
      1.57870001912117,
      1.5075981402397156,
      1.437644793987274,
      1.3997536492347717,
      1.330553299188614,
      1.3233908820152283,
      1.3162031698226928,
      1.3162964487075806,
      1.3337464725971222,
      1.3729010444879532
    ],
    "test_acc": [
      38.0625,
      43.8125,
      46.5625,
      49.40625,
      51.21875,
      52.21875,
      52.46875,
      53.375,
      54.15625,
      54.375,
      54.34375
    ]
  }
}