{
  "config": {
    "run_name": "exp1_4",
    "out_dir": "./results",
    "seed": 442648380,
    "device": null,
    "bs_train": 128,
    "bs_test": 32,
    "batches": 100,
    "epochs": 100,
    "early_stopping": 3,
    "checkpoints": 2,
    "lr": 0.001,
    "reg": 0.001,
    "filters_per_layer": [
      32
    ],
    "pool_every": 8,
    "hidden_dims": [
      50
    ],
    "model_type": "cnn",
    "kw": {},
    "layers_per_block": 16
  },
  "results": {
    "num_epochs": 18,
    "train_loss": [
      2.305034327507019,
      2.3029926872253417,
      2.302824788093567,
      2.302766010761261,
      2.3027483081817626,
      2.30271199464798,
      2.3027090883255004,
      2.3027020382881163,
      2.302686879634857,
      2.3026835036277773,
      2.3026673460006712,
      2.3026559853553774,
      2.3026466870307924,
      2.302644901275635,
      2.302638394832611,
      2.3026371097564695,
      2.3026214122772215,
      2.302623064517975
    ],
    "train_acc": [
      9.7421875,
      10.1875,
      10.1640625,
      9.9609375,
      9.921875,
      9.953125,
      10.078125,
      10.046875,
      10.1015625,
      10.1484375,
      10.1796875,
      10.171875,
      10.1953125,
      10.171875,
      10.1328125,
      10.21875,
      10.1875,
      10.2265625
    ],
    "test_loss": [
      2.303269712924957,
      2.3031165862083434,
      2.303035399913788,
      2.302966914176941,
      2.3029321312904356,
      2.3028723883628843,
      2.3028462886810304,
      2.3028397369384765,
      2.3028134727478027,
      2.302809925079346,
      2.302807960510254,
      2.3027949285507203,
      2.3027892088890076,
      2.3027923917770385,
      2.302775628566742,
      2.3027858471870424,
      2.3027886080741884,
      2.302782120704651
    ],
    "test_acc": [
      9.84375,
      9.84375,
      9.84375,
      9.84375,
      9.84375,
      9.84375,
      9.84375,
      9.84375,
      9.84375,
      9.84375,
      10.125,
      10.125,
      10.125,
      10.125,
      10.125,
      10.125,
      10.125,
      10.125
    ]
  }
}