{
  "config": {
    "run_name": "exp1_1",
    "out_dir": "./results",
    "seed": 1982345537,
    "device": null,
    "bs_train": 128,
    "bs_test": 32,
    "batches": 100,
    "epochs": 100,
    "early_stopping": 3,
    "checkpoints": 2,
    "lr": 0.001,
    "reg": 0.001,
    "filters_per_layer": [
      64
    ],
    "pool_every": 4,
    "hidden_dims": [
      100
    ],
    "model_type": "cnn",
    "kw": {},
    "layers_per_block": 16
  },
  "results": {
    "num_epochs": 39,
    "train_loss": [
      2.303701391220093,
      2.3027452850341796,
      2.302625980377197,
      2.302594211101532,
      2.3025568461418153,
      2.302539780139923,
      2.302525107860565,
      2.302511012554169,
      2.3025006794929506,
      2.3024924111366274,
      2.3024824690818786,
      2.3024732160568235,
      2.3024634528160095,
      2.302455492019653,
      2.3024472832679748,
      2.302440555095673,
      2.3024351239204406,
      2.3024280405044557,
      2.302423312664032,
      2.3024177956581116,
      2.3024133539199827,
      2.3024094772338866,
      2.3024057865142824,
      2.302402362823486,
      2.3023993229866027,
      2.3023965883255006,
      2.302394218444824,
      2.302392144203186,
      2.3023902702331545,
      2.302388644218445,
      2.30238715171814,
      2.3023857617378236,
      2.302384543418884,
      2.302383301258087,
      2.3023822593688963,
      2.302381246089935,
      2.3023803639411926,
      2.3023795914649963,
      2.3023788690567017
    ],
    "train_acc": [
      10.015625,
      10.109375,
      9.875,
      9.921875,
      9.9921875,
      10.0703125,
      10.125,
      10.1875,
      10.15625,
      10.171875,
      10.15625,
      10.1171875,
      10.1171875,
      10.2265625,
      10.3515625,
      10.3515625,
      10.3515625,
      10.3515625,
      10.3515625,
      10.3515625,
      10.3515625,
      10.3515625,
      10.3515625,
      10.3515625,
      10.3515625,
      10.3515625,
      10.3515625,
      10.3515625,
      10.3515625,
      10.3515625,
      10.3515625,
      10.3515625,
      10.3515625,
      10.3515625,
      10.3515625,
      10.3515625,
      10.3515625,
      10.3515625,
      10.3515625
    ],
    "test_loss": [
      2.3029043006896974,
      2.3026854634284972,
      2.302643105983734,
      2.3025947856903075,
      2.3025787591934206,
      2.302566633224487,
      2.3025603461265565,
      2.3025513172149656,
      2.302552583217621,
      2.302538139820099,
      2.302531588077545,
      2.302526173591614,
      2.3025211906433105,
      2.3025173330307007,
      2.3025134801864624,
      2.3025100088119506,
      2.302508018016815,
      2.302505078315735,
      2.3025031900405883,
      2.3025009346008303,
      2.302499005794525,
      2.302497901916504,
      2.3024968934059142,
      2.302495741844177,
      2.3024950551986696,
      2.302494959831238,
      2.3024941277503967,
      2.302493999004364,
      2.3024937558174132,
      2.302493762969971,
      2.3024935221672056,
      2.3024937820434572,
      2.302493486404419,
      2.302493669986725,
      2.3024933075904848,
      2.302493076324463,
      2.302493450641632,
      2.30249329328537,
      2.3024933171272277
    ],
    "test_acc": [
      9.96875,
      9.96875,
      9.96875,
      10.125,
      10.125,
      10.125,
      10.125,
      10.125,
      10.125,
      10.125,
      10.125,
      10.125,
      10.125,
      10.125,
      10.125,
      10.125,
      10.125,
      10.125,
      10.125,
      10.125,
      10.125,
      10.125,
      10.125,
      10.125,
      10.125,
      10.125,
      10.125,
      10.125,
      10.125,
      10.125,
      10.125,
      10.125,
      10.125,
      10.125,
      10.125,
      10.125,
      10.125,
      10.125,
      10.125
    ]
  }
}