{
  "config": {
    "run_name": "exp1_4",
    "out_dir": "./results",
    "seed": 2049297174,
    "device": null,
    "bs_train": 128,
    "bs_test": 32,
    "batches": 100,
    "epochs": 100,
    "early_stopping": 3,
    "checkpoints": 2,
    "lr": 0.001,
    "reg": 0.001,
    "filters_per_layer": [
      64,
      128,
      256
    ],
    "pool_every": 8,
    "hidden_dims": [
      50
    ],
    "model_type": "cnn",
    "kw": {},
    "layers_per_block": 4
  },
  "results": {
    "num_epochs": 9,
    "train_loss": [
      2.3048712253570556,
      2.303318874835968,
      2.30297691822052,
      2.3028248357772827,
      2.3027475333213805,
      2.302710635662079,
      2.3026888251304625,
      2.302680740356445,
      2.302679967880249
    ],
    "train_acc": [
      9.6875,
      9.78125,
      9.9296875,
      10.0078125,
      9.9140625,
      9.90625,
      9.890625,
      9.9453125,
      10.015625
    ],
    "test_loss": [
      2.30335462808609,
      2.3028160429000852,
      2.3026788592338563,
      2.302634525299072,
      2.302618978023529,
      2.3026146864891053,
      2.30262003660202,
      2.3026263880729676,
      2.3026378202438353
    ],
    "test_acc": [
      9.96875,
      9.96875,
      9.96875,
      9.96875,
      9.96875,
      9.96875,
      9.96875,
      9.96875,
      9.96875
    ]
  }
}