{
  "config": {
    "run_name": "exp1_1",
    "out_dir": "./results",
    "seed": 1372581603,
    "device": null,
    "bs_train": 128,
    "bs_test": 32,
    "batches": 100,
    "epochs": 100,
    "early_stopping": 3,
    "checkpoints": 2,
    "lr": 0.001,
    "reg": 0.001,
    "filters_per_layer": [
      32
    ],
    "pool_every": 4,
    "hidden_dims": [
      100
    ],
    "model_type": "cnn",
    "kw": {},
    "layers_per_block": 4
  },
  "results": {
    "num_epochs": 20,
    "train_loss": [
      2.0559322142601015,
      1.8150283133983611,
      1.6654856646060943,
      1.5843242728710174,
      1.5179652619361876,
      1.4644718658924103,
      1.420977245569229,
      1.3839252841472627,
      1.3495988368988037,
      1.31756462931633,
      1.2884288156032562,
      1.256479753255844,
      1.2256393873691558,
      1.1945317578315735,
      1.1627209353446961,
      1.1367858308553696,
      1.1061166906356812,
      1.0750302964448928,
      1.0423068648576737,
      1.0175880539417266
    ],
    "train_acc": [
      23.984375,
      34.984375,
      40.3828125,
      43.265625,
      45.6953125,
      47.390625,
      48.9609375,
      50.4453125,
      51.8125,
      52.90625,
      53.6875,
      54.8515625,
      56.0234375,
      57.1875,
      58.4921875,
      59.46875,
      60.6796875,
      61.8671875,
      63.1171875,
      63.9921875
    ],
    "test_loss": [
      1.9174836313724517,
      1.7168002831935882,
      1.631764874458313,
      1.5824676752090454,
      1.5475630021095277,
      1.534640020132065,
      1.5245498263835906,
      1.5180954217910767,
      1.5033648347854613,
      1.5069039750099182,
      1.4827384853363037,
      1.473342600464821,
      1.468308030962944,
      1.4608094596862793,
      1.4388521999120711,
      1.4192683845758438,
      1.4125758415460588,
      1.4221251636743546,
      1.4327998322248459,
      1.4278513967990876
    ],
    "test_acc": [
      31.25,
      39.46875,
      41.71875,
      43.65625,
      44.9375,
      45.3125,
      46.625,
      46.71875,
      47.59375,
      47.40625,
      48.15625,
      48.96875,
      49.5,
      49.53125,
      50.53125,
      51.0,
      51.25,
      50.96875,
      50.6875,
      50.90625
    ]
  }
}