{
  "config": {
    "run_name": "exp1_4",
    "out_dir": "./results",
    "seed": 12711550,
    "device": null,
    "bs_train": 128,
    "bs_test": 32,
    "batches": 100,
    "epochs": 100,
    "early_stopping": 3,
    "checkpoints": 2,
    "lr": 0.001,
    "reg": 0.001,
    "filters_per_layer": [
      64,
      128,
      256
    ],
    "pool_every": 8,
    "hidden_dims": [
      50
    ],
    "model_type": "cnn",
    "kw": {},
    "layers_per_block": 8
  },
  "results": {
    "num_epochs": 49,
    "train_loss": [
      2.303747093677521,
      2.3029417419433593,
      2.3027408790588377,
      2.302676453590393,
      2.3026561903953553,
      2.30264098405838,
      2.3026359605789186,
      2.3026152563095095,
      2.3026167249679563,
      2.3025825309753416,
      2.302580337524414,
      2.302570562362671,
      2.3025577735900877,
      2.3025452852249146,
      2.3025358271598817,
      2.3025327205657957,
      2.302520923614502,
      2.3025166630744933,
      2.3025071930885317,
      2.302497525215149,
      2.302491097450256,
      2.3024901580810546,
      2.3024774169921876,
      2.3024718260765074,
      2.3024665117263794,
      2.3024624800682068,
      2.3024552941322325,
      2.302450489997864,
      2.302445721626282,
      2.3024437069892882,
      2.30243944644928,
      2.3024348402023316,
      2.3024318265914916,
      2.30242689371109,
      2.302424156665802,
      2.302419943809509,
      2.302417254447937,
      2.302413640022278,
      2.302411262989044,
      2.302408285140991,
      2.3024057006835936,
      2.3024035501480102,
      2.3024009346961973,
      2.302398386001587,
      2.302396104335785,
      2.302393763065338,
      2.302391440868378,
      2.302389359474182,
      2.302387275695801
    ],
    "train_acc": [
      10.015625,
      9.875,
      10.046875,
      9.78125,
      10.0,
      10.0078125,
      10.140625,
      9.9375,
      10.015625,
      10.0703125,
      10.15625,
      10.1328125,
      10.0625,
      10.1640625,
      10.0703125,
      10.1640625,
      10.1015625,
      10.09375,
      10.140625,
      10.140625,
      10.28125,
      10.1796875,
      10.1796875,
      10.1796875,
      10.1796875,
      10.1796875,
      10.1953125,
      10.1953125,
      10.1796875,
      10.1640625,
      10.1484375,
      10.1484375,
      10.125,
      10.125,
      10.125,
      10.1484375,
      10.046875,
      9.9453125,
      9.9453125,
      9.8671875,
      9.875,
      9.8203125,
      9.8984375,
      10.046875,
      10.1328125,
      10.1484375,
      10.1171875,
      10.140625,
      10.09375
    ],
    "test_loss": [
      2.3029997372627258,
      2.302726604938507,
      2.3026677060127256,
      2.3026367235183716,
      2.302619264125824,
      2.3026035737991335,
      2.302587525844574,
      2.3026372456550597,
      2.3025515341758727,
      2.3025488543510435,
      2.302541501522064,
      2.302535071372986,
      2.3025276136398314,
      2.3025218844413757,
      2.30251565694809,
      2.3025135159492494,
      2.3025254464149474,
      2.302503879070282,
      2.30250239610672,
      2.3024996423721316,
      2.3025008606910706,
      2.3024954319000246,
      2.3024929976463318,
      2.302491638660431,
      2.302495846748352,
      2.3024890923500063,
      2.3024883031845094,
      2.3024880862236023,
      2.3024879360198973,
      2.3024888467788696,
      2.3024862217903137,
      2.302485320568085,
      2.302485754489899,
      2.302484588623047,
      2.3024842357635498,
      2.302482297420502,
      2.3024824500083922,
      2.3024821972846983,
      2.3024818563461302,
      2.3024817085266114,
      2.302480821609497,
      2.3024807238578795,
      2.302480552196503,
      2.3024800181388856,
      2.3024798941612246,
      2.3024797105789183,
      2.302479741573334,
      2.3024800157547,
      2.302480068206787
    ],
    "test_acc": [
      9.84375,
      9.84375,
      9.84375,
      10.125,
      10.125,
      10.125,
      10.125,
      10.125,
      10.125,
      10.125,
      10.125,
      10.125,
      10.125,
      10.125,
      10.125,
      10.125,
      10.125,
      10.125,
      10.125,
      10.125,
      10.125,
      10.125,
      10.125,
      10.125,
      10.125,
      10.125,
      10.125,
      10.125,
      10.125,
      10.125,
      10.125,
      10.125,
      10.125,
      10.125,
      10.125,
      10.125,
      10.125,
      10.125,
      10.125,
      10.125,
      10.125,
      10.125,
      10.125,
      10.125,
      10.125,
      10.125,
      10.125,
      10.125,
      10.125
    ]
  }
}