{
  "config": {
    "run_name": "exp1_1",
    "out_dir": "./results",
    "seed": 1763848661,
    "device": null,
    "bs_train": 128,
    "bs_test": 32,
    "batches": 100,
    "epochs": 100,
    "early_stopping": 3,
    "checkpoints": 2,
    "lr": 0.001,
    "reg": 0.001,
    "filters_per_layer": [
      32
    ],
    "pool_every": 4,
    "hidden_dims": [
      100
    ],
    "model_type": "cnn",
    "kw": {},
    "layers_per_block": 16
  },
  "results": {
    "num_epochs": 5,
    "train_loss": [
      2.3034830570220945,
      2.302645888328552,
      2.3025650691986086,
      2.3025346302986147,
      2.3025244188308718
    ],
    "train_acc": [
      9.78125,
      10.3515625,
      10.3515625,
      10.3515625,
      10.3515625
    ],
    "test_loss": [
      2.3024874663352968,
      2.3024629616737364,
      2.302488796710968,
      2.302499725818634,
      2.302505142688751
    ],
    "test_acc": [
      10.125,
      10.125,
      10.125,
      10.125,
      10.125
    ]
  }
}