{
  "config": {
    "run_name": "exp1_4",
    "out_dir": "./results",
    "seed": 923983077,
    "device": null,
    "bs_train": 128,
    "bs_test": 32,
    "batches": 100,
    "epochs": 100,
    "early_stopping": 3,
    "checkpoints": 2,
    "lr": 0.001,
    "reg": 0.001,
    "filters_per_layer": [
      32
    ],
    "pool_every": 8,
    "hidden_dims": [
      50
    ],
    "model_type": "cnn",
    "kw": {},
    "layers_per_block": 8
  },
  "results": {
    "num_epochs": 39,
    "train_loss": [
      2.3037643909454344,
      2.3028888440132143,
      2.3027978229522703,
      2.3027595901489257,
      2.30273517370224,
      2.302710843086243,
      2.302692883014679,
      2.3026764822006225,
      2.302662715911865,
      2.3026469683647157,
      2.3026334047317505,
      2.3026246500015257,
      2.3026099848747252,
      2.302599983215332,
      2.30259578704834,
      2.302582910060883,
      2.3025753259658814,
      2.3025663471221924,
      2.302559163570404,
      2.3025521564483644,
      2.302545187473297,
      2.3025384855270388,
      2.302531943321228,
      2.3025253200531006,
      2.3025185680389404,
      2.3025109696388246,
      2.3025033354759215,
      2.3024956369400025,
      2.3024881196022036,
      2.302481348514557,
      2.3024748730659486,
      2.3024692249298098,
      2.302463366985321,
      2.3024581623077394,
      2.302453615665436,
      2.3024497413635254,
      2.3024428153038023,
      2.3024400091171264,
      2.30243750333786
    ],
    "train_acc": [
      9.703125,
      9.65625,
      10.125,
      10.1640625,
      10.2578125,
      10.2890625,
      10.2734375,
      10.234375,
      10.25,
      10.1328125,
      10.1328125,
      10.1328125,
      10.1328125,
      10.1328125,
      10.3046875,
      10.3046875,
      10.3046875,
      10.2890625,
      10.328125,
      10.328125,
      10.3203125,
      10.3203125,
      10.2421875,
      10.2421875,
      10.2421875,
      10.234375,
      10.2421875,
      10.21875,
      10.1875,
      10.2890625,
      10.2578125,
      10.3515625,
      10.3515625,
      10.3515625,
      10.3515625,
      10.3515625,
      10.3515625,
      10.3515625,
      10.3515625
    ],
    "test_loss": [
      2.303006899356842,
      2.302718510627747,
      2.302670409679413,
      2.3026450634002686,
      2.302630124092102,
      2.3026169991493224,
      2.3026087737083434,
      2.3026023960113524,
      2.3025984716415406,
      2.302593033313751,
      2.3025891304016115,
      2.3025868415832518,
      2.3025835752487183,
      2.302581403255463,
      2.3025788187980654,
      2.302578105926514,
      2.3025779581069945,
      2.3025756001472475,
      2.302574713230133,
      2.3025739574432373,
      2.3025729417800904,
      2.302572133541107,
      2.302571828365326,
      2.302571005821228,
      2.3025706219673157,
      2.3025693988800047,
      2.3025682497024538,
      2.3025668096542358,
      2.3025649762153626,
      2.302563648223877,
      2.302560784816742,
      2.3025605607032777,
      2.302558970451355,
      2.302557761669159,
      2.3025566506385804,
      2.3025533771514892,
      2.3025543427467348,
      2.302553915977478,
      2.3025539994239805
    ],
    "test_acc": [
      9.65625,
      9.65625,
      10.125,
      10.125,
      10.125,
      10.125,
      10.125,
      10.125,
      10.125,
      10.125,
      10.125,
      10.125,
      10.125,
      10.125,
      10.125,
      10.125,
      10.125,
      10.125,
      10.125,
      10.125,
      10.125,
      10.125,
      10.125,
      10.125,
      10.125,
      10.125,
      10.125,
      10.125,
      10.125,
      10.125,
      10.125,
      10.125,
      10.125,
      10.125,
      10.125,
      10.125,
      10.125,
      10.125,
      10.125
    ]
  }
}