{
  "config": {
    "run_name": "exp1_1",
    "out_dir": "./results",
    "seed": 42,
    "device": null,
    "bs_train": 50,
    "bs_test": 12,
    "batches": 10,
    "epochs": 10,
    "early_stopping": 5,
    "checkpoints": null,
    "lr": 0.001,
    "reg": 0.001,
    "filters_per_layer": [
      32,
      32
    ],
    "layers_per_block": 1,
    "pool_every": 1,
    "hidden_dims": [
      100
    ],
    "model_type": "resnet",
    "activation_type": "relu",
    "activation_params": {},
    "pooling_type": "max",
    "pooling_params": {
      "kernel_size": 2
    },
    "batchnorm": true,
    "dropout": 0.163,
    "bottleneck": false,
    "loss_fn": "cross entropy",
    "optimizer": "Adam",
    "hp_optim": {
      "betas": [
        0.996,
        0.983
      ]
    },
    "subset": false
  },
  "results": {
    "num_epochs": 10,
    "train_loss": [
      1.4257536064982415,
      1.0302187603712083,
      0.9010554186701775,
      0.8535771049559117,
      0.8042437594234944,
      0.7309664313197136,
      0.7031871451735496,
      0.6833472431004047,
      0.6413531033694744,
      0.6377456132471562
    ],
    "train_acc": [
      49.194,
      63.886,
      68.36,
      69.666,
      71.582,
      74.334,
      75.004,
      75.814,
      77.374,
      77.294
    ],
    "test_loss": [
      1.126902461051941,
      0.973842203617096,
      0.9250026941299438,
      0.9220009446144104,
      0.913461446762085,
      0.906825840473175,
      0.9553289413452148,
      0.9233591556549072,
      0.897078275680542,
      0.976692795753479
    ],
    "test_acc": [
      59.81,
      65.82,
      68.25,
      67.43,
      67.9,
      69.12,
      68.5,
      68.81,
      70.29,
      68.23
    ]
  }
}