{
  "config": {
    "run_name": "exp1_3",
    "out_dir": "./results",
    "seed": 1818638242,
    "device": null,
    "bs_train": 128,
    "bs_test": 32,
    "batches": 100,
    "epochs": 100,
    "early_stopping": 3,
    "checkpoints": 2,
    "lr": 0.001,
    "reg": 0.001,
    "filters_per_layer": [
      64,
      128
    ],
    "pool_every": 3,
    "hidden_dims": [
      70
    ],
    "model_type": "cnn",
    "kw": {},
    "layers_per_block": 2
  },
  "results": {
    "num_epochs": 12,
    "train_loss": [
      2.0404920291900637,
      1.7041484129428863,
      1.530947813987732,
      1.4208528006076813,
      1.3344558572769165,
      1.2563853001594543,
      1.1788006722927094,
      1.1077284812927246,
      1.0446949112415314,
      0.9874558931589127,
      0.9414935755729675,
      0.8748129457235336
    ],
    "train_acc": [
      25.7421875,
      38.5,
      45.0703125,
      49.2734375,
      52.5859375,
      55.2109375,
      58.1640625,
      60.890625,
      63.2421875,
      65.453125,
      67.0234375,
      69.4609375
    ],
    "test_loss": [
      1.8309579634666442,
      1.5863551914691925,
      1.510224280357361,
      1.4436071753501891,
      1.37679105758667,
      1.320542687177658,
      1.290649999976158,
      1.2735246628522874,
      1.2610973954200744,
      1.2634840953350066,
      1.3034307503700255,
      1.3913385039567947
    ],
    "test_acc": [
      35.65625,
      42.28125,
      45.90625,
      48.5625,
      51.5625,
      53.3125,
      54.53125,
      55.21875,
      55.9375,
      56.78125,
      55.75,
      53.625
    ]
  }
}