{
  "config": {
    "run_name": "exp1_1",
    "out_dir": "./results",
    "seed": 1031131254,
    "device": null,
    "bs_train": 128,
    "bs_test": 32,
    "batches": 100,
    "epochs": 100,
    "early_stopping": 3,
    "checkpoints": 2,
    "lr": 0.001,
    "reg": 0.001,
    "filters_per_layer": [
      64
    ],
    "pool_every": 4,
    "hidden_dims": [
      100
    ],
    "model_type": "cnn",
    "kw": {},
    "layers_per_block": 8
  },
  "results": {
    "num_epochs": 7,
    "train_loss": [
      2.303689811229706,
      2.302856843471527,
      2.3027854490280153,
      2.302750835418701,
      2.3027430844306944,
      2.302730782032013,
      2.3027001094818114
    ],
    "train_acc": [
      9.8515625,
      10.15625,
      10.28125,
      10.3046875,
      10.25,
      10.3359375,
      10.296875
    ],
    "test_loss": [
      2.3027648878097535,
      2.302614552974701,
      2.3026187658309936,
      2.30258425951004,
      2.3025874137878417,
      2.302597694396973,
      2.3025990867614747
    ],
    "test_acc": [
      9.84375,
      9.96875,
      9.96875,
      10.125,
      10.125,
      10.125,
      10.125
    ]
  }
}