{
  "config": {
    "run_name": "exp1_1",
    "out_dir": "./results",
    "seed": 792401370,
    "device": null,
    "bs_train": 128,
    "bs_test": 32,
    "batches": 100,
    "epochs": 100,
    "early_stopping": 3,
    "checkpoints": 2,
    "lr": 0.001,
    "reg": 0.001,
    "filters_per_layer": [
      64
    ],
    "pool_every": 4,
    "hidden_dims": [
      100
    ],
    "model_type": "cnn",
    "kw": {},
    "layers_per_block": 2
  },
  "results": {
    "num_epochs": 14,
    "train_loss": [
      2.0287508845329283,
      1.6746718049049378,
      1.5300883889198302,
      1.4262702691555023,
      1.3396643161773683,
      1.2659532225131989,
      1.2017673337459565,
      1.1441986429691315,
      1.0891545510292053,
      1.036031137108803,
      0.9808191758394241,
      0.9250010585784912,
      0.8693192571401596,
      0.8207282269001007
    ],
    "train_acc": [
      26.78125,
      40.515625,
      45.921875,
      49.9609375,
      53.1328125,
      55.8046875,
      58.125,
      60.265625,
      62.0859375,
      64.25,
      66.8125,
      68.96875,
      71.125,
      72.7421875
    ],
    "test_loss": [
      1.8106850981712341,
      1.6253899157047271,
      1.530750025510788,
      1.4520393848419189,
      1.3952747571468354,
      1.3571437466144562,
      1.3290080630779266,
      1.3095599156618118,
      1.2976171338558198,
      1.28975417137146,
      1.2864459413290024,
      1.2927763080596923,
      1.318121155500412,
      1.3994677430391311
    ],
    "test_acc": [
      35.3125,
      42.59375,
      45.125,
      47.53125,
      49.90625,
      50.90625,
      52.03125,
      52.5625,
      53.4375,
      53.6875,
      53.84375,
      54.0,
      53.84375,
      52.65625
    ]
  }
}